city,country_code,latitude,longitude
aalen,DE,48.8375607,10.0929593
abanilla,ES,38.2058263,-1.0392384
ablis,FR,48.517153,1.8368758
abrera,ES,41.5204464,1.9024126
agnadello,IT,45.444374,9.557056
alicante,ES,38.3436365,-0.4881708
alizay,FR,49.3191616,1.1673742
altfeld,DE,49.8290787,9.5526423
alzenau,DE,50.085868,9.0813749
alzey,DE,49.7454561,8.1130036
amiens,FR,49.8941708,2.2956951
amt wachsenburg,DE,50.8651411,10.9143279
andernach,DE,50.4391924,7.4023145
andwil sg,CH,47.4384918,9.2720175
anzing,DE,48.1506375,11.8541298
ardon,FR,46.7739133,5.8881355
arnsdorf,DE,51.0970348,13.9934028
assevillers,FR,49.8973493,2.8343113
attendorn,DE,51.1250541,7.9010992
aubervilliers,FR,48.9146078,2.3821895
aulnay sous bois,FR,48.934231,2.499789
azuqueca de henares,ES,40.5683808,-3.2627134
bad bentheim,DE,52.3025609,7.16052
bad duben;,DE,51.5911653,12.5856428
bad fallingbostel,DE,52.8654484,9.6930195
bad friedrichshall,DE,49.2280136,9.2101479
bad langensalza,DE,51.1085823,10.6454374
balve,DE,51.3326498,7.8670563
baruth,DE,51.2254933,14.5902829
basse-ham,FR,49.385785,6.2433962
bazeilles,FR,49.6760402,4.9780162
beeskow,DE,52.1721569,14.2471058
berbersdorf,DE,51.009314,13.1738517
bergisch gladbach,DE,50.9929303,7.1277379
berlin,DE,52.5173885,13.3951309
bern,CH,46.9484742,7.4521749
bernburg,DE,51.7930788,11.7391606
bernkastel-kues,DE,49.9157398,7.0708181
bernsdorf,DE,51.3710839,14.0694111
besigheim - neckar,DE,48.9814607,9.1579528
bestwig,DE,51.3609508,8.4005554
beuzeville,FR,49.3455531,0.3427251
bexbach,DE,49.347299,7.2548948
biandronno,IT,45.8215121,8.713238
biebesheim am rhein,DE,49.7815684,8.4660576
bielany wroclawskie,PL,51.0392894,16.9686781
biesheim,FR,48.0408514,7.5448609
bietigheim-bissingen,DE,48.9493243,9.1364229
bingen,DE,49.9675456,7.8944
bitterfeld-wolfen,DE,51.6425032,12.3076334
blatná,CZ,49.4239848,13.8840972
blendecques,FR,50.7170841,2.2817948
blois,FR,47.5876861,1.3337639
bocholt,DE,51.8382715,6.6148669
bochum,DE,51.4818111,7.2196635
bogø by,DK,54.9232677,12.0528486
boigny sur bionne,FR,47.9231655,2.0075032
bondorf,DE,48.5215073,8.83361
bonin,PL,53.19553,15.35478
bonn,DE,50.7352621,7.1024635
bottrop,DE,51.521581,6.929204
boulazac,FR,45.1724869,0.7650348
bourges,FR,47.0811658,2.399125
boxberg,DE,50.2731793,6.8751755
brake,DE,53.3256109,8.4806296
brandis,DE,51.3346604,12.6089036
breidenbach,DE,50.87745,8.4373
breitenbach am herzberg,DE,50.7823862,9.4992057
breitenworbis,DE,51.4121013,10.427824
bremerhaven,DE,53.5505392,8.5851945
bresles,FR,49.4091281,2.2525151
bretzfeld,DE,49.1770367,9.4401632
briec,FR,48.1019452,-3.999718
brieselang,DE,52.588357,12.9958846
brilon,DE,51.3955721,8.5677743
brinkum,DE,53.2681305,7.5598707
brugge,BE,51.2085526,3.226772
brunsbüttel,DE,53.8972549,9.1395423
bruyères-sur-oise,FR,49.1573165,2.3301301
brétigny-sur-orge,FR,48.6099887,2.3075288
budaors,HU,47.4600185,18.9541818
budapest,HU,47.4978789,19.0402383
buggingen,DE,47.8469223,7.6388717
burbach,DE,50.1064362,6.5177176
burgos,ES,42.343926,-3.696977
burgwedel,DE,52.5,9.86667
bydgoszcz,PL,53.1297127,18.0294488
bystra,PL,49.7604679,19.0600025
böhlen,DE,51.2027284,12.3859676
bönen,DE,51.598077,7.7588538
büdingen,DE,50.2972353,9.0990829
bürstadt,DE,49.6531823,8.4747076
büttelborn,DE,49.9189,8.5337
cabanillas del campo,ES,40.6362915,-3.2337196
caen,FR,49.1813403,-0.3635615
cappelle-la-grande,FR,50.9977218,2.3677943
carentoir,FR,47.817757,-2.1362362
castel san giovanni,IT,45.0590671,9.4341783
castellbisbal,ES,41.4765136,1.9832978
castrop-rauxel,DE,51.5646195,7.3106175
cerro maggiore,IT,45.5930123,8.9513923
cesano maderno,IT,45.6283938,9.1467512
challerange,FR,49.3110058,4.745629
champagne,FR,45.831944,-0.906667
champagné,FR,48.0168,0.33179
champigneulles,FR,48.7342216,6.1651167
chatres,FR,48.7089097,2.8095273
chlastawa,PL,52.2440091,15.8344066
chojnów gmina,PL,52.0202515,21.0847575
cholet,FR,47.0617293,-0.8801359
choustník,CZ,49.332941,14.838389
châteaudun,FR,48.0702298,1.3284948
cloppenburg,DE,52.8461339,8.0438783
cm oosterhout (the netherlands),NL,51.6447493,4.8609931
cochem,DE,50.1483916,7.1663195
coesfeld,DE,51.9458943,7.1691108
combs-la-ville,FR,48.6646994,2.564877
compiègne,FR,49.4179497,2.8263171
comun nuovo,IT,45.6229111,9.6631272
condé-sur-vire,FR,49.0520765,-1.037915
corbetta,IT,45.4659366,8.9200896
coswig,DE,51.1267305,13.5783983
crailsheim,DE,49.1365626,10.0720195
csömör,HU,47.5489158,19.2242144
dahlwitz-hoppegarten,DE,52.5154517,13.6684822
damelevieres,FR,48.557112,6.3871266
delmenhorst,DE,53.048095,8.6286066
dettelbach,DE,49.8019103,10.1612139
diemelstadt,DE,51.4813132,8.992125
dietikon,CH,47.4050746,8.4030765
dietlikon,CH,47.4222808,8.6155979
dillenburg,DE,50.75211,8.31573
dingolfing,DE,48.6300801,12.4977434
dintikon,CH,47.3636287,8.2281106
dobroszyce,PL,51.26554,17.34535
dobříň,CZ,50.4376383,14.2936904
dolcè,IT,45.600689,10.852482
donnersdorf,DE,49.9703333,10.4186574
dortmund,DE,51.5142273,7.4652789
dortmund-eving,DE,51.5327099,7.4790944
douai,FR,50.3675677,3.0804641
dourges,FR,50.4340484,2.9844016
dresden,DE,51.0493286,13.7381437
duisburg,DE,51.434999,6.759562
dummerstorf,DE,54.0131361,12.2281926
düren,DE,50.8031684,6.4820806
düsseldorf,DE,51.2254018,6.7763137
eberdingen,DE,48.8791879,8.9655119
ebersbach an der fils,DE,48.7149061,9.5259189
ebersdorf bei coburg,DE,50.2208665,11.0665391
eggstätt,DE,47.9267455,12.3799269
eichenzell,DE,50.4847226,9.7050101
eilenburg,DE,51.4586736,12.6344389
eitting,DE,48.358828,11.8908175
el prat del llobregat,ES,41.3426158,2.0746927
ellerau,DE,53.7500324,9.9166665
ellhofen,DE,49.1467,9.32194
elmenhorst/lichtenhagen,DE,54.1509015,11.9998073
eltville am rhein,DE,50.0220051,8.1044149
emsbüren,DE,52.3927616,7.2959699
ensisheim,FR,47.8665246,7.3529099
erftstadt,DE,50.8027168,6.8031625
erfurt,DE,50.9777974,11.0287364
ergué-gabéric,FR,47.9965297,-4.026792
erlenbach,DE,49.1703333,9.2692171
erlensee,DE,50.1624394,8.9846455
erxleben,DE,52.2194409,11.2425223
eschweiler,DE,50.8175029,6.2630894
essen,DE,51.4582235,7.0158171
euskirchen,DE,50.6612623,6.7871219
feignies,FR,50.2954202,3.914409
ferentino,IT,41.692932,13.2534215
feyzin,FR,45.6738,4.85831
flensburg,DE,54.7833021,9.4333264
florange,FR,49.3278069,6.122827
flörsheim am main,DE,50.0296,8.4265
fos-sur-mer,FR,43.4380714,4.945595
frankenthal,DE,49.5353466,8.3541391
frechen,DE,50.9096219,6.8081935
friedenweiler,DE,47.917078,8.2571947
frouard,FR,48.7601755,6.1293789
fuenlabrada,ES,40.282476,-3.7923422
fuldatal,DE,51.3781639,9.533699
fót,HU,47.6125871,19.1980105
fürth,DE,49.4885711,10.9587203
gadki,PL,51.4467709,19.4821376
garons,FR,43.7694841,4.4268453
gattatico,IT,44.7956839,10.4445566
gdańsk,PL,54.4288032,18.798327
geertruidenberg,NL,51.6961662,4.8778438
geiselhöring,DE,48.8258853,12.3926046
geisenfeld,DE,48.6842075,11.6134032
gelida,ES,41.4408877,1.8634309
gelnhausen,DE,50.1995532,9.1713202
gelsenkirchen,DE,51.5110321,7.0960124
gent,BE,51.0538286,3.7250121
gentofte,DK,55.7535946,12.541436
georgsmarienhütte,DE,52.2,8.05
gerichshain,DE,51.3566741,12.5841527
gernsheim,DE,49.7466,8.5112
gerstungen,DE,50.9364322,10.2024159
giora/vigonza,IT,45.4237175,11.9547291
glinojeck,PL,52.819174,20.2862655
gliwice,PL,50.294113,18.6657306
gniezno,PL,52.5246502,17.5981524
gorzkowice,PL,51.2151631,19.5959459
gostyń,PL,51.8778633,17.0167637
gozdnica,PL,51.4533841,15.0815671
grand-fougeray,FR,47.7234217,-1.7323074
granollers,ES,41.6079555,2.2876008
grasse,FR,43.6589011,6.9239103
grevenbroich,DE,51.0862467,6.5848937
grodzisk mazowiecki,PL,52.1066223,20.6313441
gronau,DE,52.0843618,9.7754675
groningen,NL,53.2190652,6.5680077
groß-gerau,DE,49.9192586,8.485312
großbreitenbach,DE,50.5806039,11.004454
großsteinberg,DE,51.2524724,12.6385366
grâce-hollogne,BE,50.6323039,5.4768436
grünhainichen,DE,50.7676913,13.1535581
gyál,HU,47.3845453,19.2173066
góra,PL,51.6681499,16.5393277
górażdże,PL,50.5281394,18.0099308
głogów,PL,51.6636791,16.0935567
hagenow,DE,53.4305796,11.1904828
halle,DE,51.4824354,11.9712985
hambach,FR,49.0613593,7.0372308
hamburg,DE,53.550341,10.000654
hamm,DE,51.681281,7.8191185
hammersbach,DE,50.2302967,8.9970268
handewitt,DE,54.7674684,9.3257408
hannover,DE,52.3744779,9.7385532
hardenberg,NL,52.5754706,6.6188242
hartheim am rhein,DE,47.9346289,7.6277434
hausach,DE,48.2836305,8.174972
heddesheim,DE,49.5054905,8.6024574
heilbronn,DE,49.142291,9.218655
heimsheim,DE,48.8058986,8.8619207
heinsdorfergrund,DE,50.6222,12.3722
hengelo,NL,52.2658726,6.7924049
henstedt-ulzburg,DE,53.7926888,9.9808134
herne,DE,51.5380394,7.219985
herrenberg,DE,48.5963819,8.8702368
herrieden,DE,49.2330769,10.4976384
hesdin,FR,50.3738145,2.038979
hillerød,DK,55.9285735,12.3063909
hilter,DE,52.1702035,8.1686187
hochdorf,CH,47.1665361,8.2899709
hohenwestedt,DE,54.0954806,9.6536804
holzgerlingen,DE,48.6392119,9.0115732
holzminden,DE,51.8989989,9.5741099
hombourg,FR,47.758716,7.5063314
horice,CZ,50.3665337,15.6321735
horni pocernice,CZ,50.1162631,14.6208058
hostivice,CZ,50.0815167,14.2585743
hrádek,CZ,48.7731024,16.2717745
hénin-beaumont,FR,50.4191721,2.9469339
hénonville,FR,49.2081637,2.0522538
höchst im odenwald,DE,49.7891138,8.9789625
hückelhoven,DE,51.0552368,6.2247322
hürth,DE,50.8807379,6.876568
ibi,ES,38.623288,-0.5730513
illingen,DE,48.9557335,8.9200047
ilshofen,DE,49.170072,9.9186069
iphofen,DE,49.7042096,10.2607784
ipsheim,DE,49.526325,10.4840007
issenheim,FR,47.9024133,7.253469
itingen,CH,47.4665362,7.7877841
jablonné v podještědí,CZ,50.7657554,14.7614324
jarocin,PL,51.9739233,17.5011254
jarosty,PL,51.4617352,19.6822993
jasień,PL,51.7515442,15.0123351
jastrowie,PL,53.4205494,16.8150156
jelcz-laskowice,PL,51.0398306,17.3499638
jelenia góra,PL,50.8501049,15.6537492
jessen,DE,51.7931158,12.9590741
jettingen-scheppach,DE,48.3954927,10.4409763
jirkov,CZ,50.5000597,13.4476266
jübar,DE,52.6879051,10.9097113
jülich,DE,50.9220931,6.3611015
kabelsketal,DE,51.4375947,12.1050069
kallo,BE,51.2519515,4.27803
kaltenkirchen,DE,53.8371714,9.9614889
kamp-lintfort,DE,51.5017981,6.547923
kampinos,PL,52.2700727,20.4617483
karlstein am main,DE,50.0443203,9.0337844
karsdorf,DE,51.2807821,11.6529692
kastellaun,DE,50.0713361,7.4422325
kaysersberg,FR,48.1571873,7.241094
kazimierz biskupi,PL,52.3119341,18.1675656
kałuszyn,PL,52.2087832,21.811881
kerpen,DE,50.3097609,6.7293316
kevelaer,DE,51.5802996,6.2456273
kiel,DE,54.3227085,10.135555
kiełmina,PL,51.86577,19.52899
kirkel,DE,49.2833031,7.2333295
klicany,CZ,50.20188,14.4342122
klipphausen,DE,51.0749571,13.5293546
kobierzyce,PL,50.9720586,16.9298119
koblenz,DE,50.3533278,7.5943951
konin,PL,52.2559021,18.2678662
kopanica,PL,52.0960339,15.9188019
kornwestheim,DE,48.8611498,9.1873875
kostrzyn nad odrą,PL,52.5898737,14.6536335
koszalin,PL,54.19092,16.17707
kościan,PL,52.0833694,16.6460888
kraków,PL,50.0619474,19.9368564
krefeld,DE,51.3331205,6.5623343
kremmen,DE,52.7604941,13.0294822
krosno,PL,49.6889843,21.7534788
krzemieniewo,PL,51.8582756,16.8338586
krzyżowniki,PL,51.1319402,17.8700732
kunheim,FR,48.0770555,7.5350089
kuřívody,CZ,50.5854951,14.8044892
kwidzyń,PL,53.7335842,18.9319222
köln,DE,50.938361,6.959974
königstein/sächsische schweiz,DE,50.9064119,14.0814102
københavn,DK,55.6867243,12.5700724
køge,DK,55.4565009,12.1818964
la chapelle-heulin,FR,47.1760091,-1.3404289
la ferté-gaucher,FR,48.7812807,3.305711
la maxe,FR,49.1693945,6.1896756
la sentinelle,FR,50.3496627,3.476136
la vancelle,FR,48.2869414,7.3047005
lagny-le-sec,FR,49.0859622,2.7442236
landsberg,DE,48.0497474,10.8768728
langenau,DE,48.4995693,10.1210951
langenbach,DE,49.4932546,7.3291716
langenfeld,DE,51.1008952,6.9459377
langenthal,CH,47.2116019,7.788786
langgöns,DE,50.4918436,8.629093
laronxe,FR,48.53973,6.6030702
lauenau,DE,52.2740961,9.3688859
le creusot,FR,46.8054064,4.4285961
le relecq-kerhuon,FR,48.4075514,-4.3965573
lebach,DE,49.4132377,6.9091348
ledro,IT,45.8864143,10.7153848
leeuwarden,NL,53.2005936,5.7918548
leipzig,DE,51.3406321,12.3747329
leipzig nord - seehausen,DE,51.4053353,12.4148504
lestrem,FR,50.6216212,2.6857534
leszno,PL,51.8436068,16.5804227
leuna,DE,51.3233566,12.0242496
leupoldsgrün,DE,50.2896281,11.7974729
liberec,CZ,50.7702648,15.0583947
lichtervelde,BE,51.0304268,3.1419584
lippstadt,DE,51.6747074,8.347194
lomme,FR,50.6457022,2.9870927
longueil-sainte-marie,FR,49.3576636,2.7176908
loon-plage,FR,50.9946103,2.2192457
lorsch,DE,49.6546967,8.5682813
lovosice,CZ,50.5150033,14.0517563
lubin,PL,51.3996783,16.1993379
ludres,FR,48.6217058,6.1609279
ludwigsfelde,DE,52.3016096,13.2610163
luebbenau,DE,51.8680114,13.9689477
lutherstadt wittenberg,DE,51.8666527,12.646761
löbichau,DE,50.8898529,12.2593586
löhne,DE,52.1990346,8.7141587
lübeck,DE,53.866444,10.684738
lübeck-travemünde,DE,53.9644481,10.8433282
lüneburg,DE,53.248706,10.407855
lünen,DE,51.6142482,7.5228088
maastricht,NL,50.8512438,5.6909768
madrid,ES,40.416782,-3.703507
malchow,DE,53.4775641,12.4245172
manerbio,IT,45.355777,10.13517
mannheim,DE,49.4892913,8.4673098
marktheidenfeld,DE,49.8444065,9.6003865
marl,DE,51.6485843,7.0829054
marquette-lez-lille,FR,50.6760968,3.0647175
massy,FR,49.6902106,1.399492
mataro,ES,41.5398348,2.4448926
mayen,DE,50.3283544,7.2215134
mechelen,BE,51.0281381,4.4803453
mechlin,PL,52.1108994,17.0757672
meckenheim,DE,50.6256627,7.0215612
mehring,DE,49.7980275,6.8253457
meineweh,DE,51.0760857,11.9883345
meineweh-schleinitz,DE,51.0832297,11.9462127
melle,DE,52.200762,8.338667
melle-bruchmühlen,DE,52.1955155,8.4520312
meppen,DE,52.6947452,7.2909824
mer,FR,47.7083642,1.5062706
merksem,BE,51.2438894,4.4397179
metzeral,FR,48.0128917,7.0712023
meung sur loire,FR,47.8268972,1.6968055
michałów,PL,52.2688063,19.3264358
mittenwalde,DE,52.2642238,13.5360563
modautal,DE,49.75572,8.74308
modletice,CZ,49.9705146,14.5909458
modřice,CZ,49.1288791,16.6137074
moerdijk,NL,51.6627723,4.5255922
moers,DE,51.451283,6.62843
moissy-cramayel,FR,48.6272298,2.5937073
molsheim,FR,48.5419351,7.4924679
monheim am rhein,DE,51.0909476,6.8812387
monsheim,DE,49.6362722,8.2108919
moringen,DE,51.6982506,9.8691556
morsbach,DE,50.8642805,7.7282903
mouscron,BE,50.7436672,3.2142729
much,DE,50.9044492,7.4017528
muhen,CH,47.3408342,8.0535781
mulhouse,FR,47.7467233,7.3389937
murr,DE,48.9613131,9.4616885
mutterstadt,DE,49.4422445,8.3542306
mägenwil,CH,47.4122258,8.2301927
möckmühl,DE,49.3233013,9.3611411
möhlin,CH,47.560991,7.8431299
mönchengladbach,DE,51.1947131,6.4353792
mühlhausen/thüringen,DE,51.2094255,10.4589044
mścice,PL,54.2185923,16.0970023
nantes,FR,47.2186371,-1.5541362
natolin,PL,52.1411007,21.0564351
nerenstetten,DE,48.5292069,10.0973831
nettetal,DE,51.3155092,6.2714171
neu-ulm,DE,48.3953489,10.0005211
neubrandenburg,DE,53.5574458,13.2602781
neuendorf,CH,47.2961811,7.7970557
neuenhagen bei berlin,DE,52.5261884,13.6889259
neuenstein,DE,49.2049886,9.5813213
neulliac,FR,48.1290929,-2.9815959
neumünster,DE,54.0703296,9.9884451
neuss,DE,51.1981778,6.6916476
neustadt an der weinstraße,DE,49.3539802,8.1350021
neutraubling,DE,48.9926567,12.1990753
neuville-aux-bois,FR,48.0695211,2.0534134
niedergösgen,CH,47.3731476,7.9926844
niederhergheim,FR,47.985639,7.3998713
niederzier,DE,50.8833,6.46667
nienburg,DE,52.648793,9.257753
nieuwdorp,NL,51.4709009,3.7397709
nogent-sur-seine,FR,48.492439,3.4978181
norderstedt,DE,53.7089898,9.9891914
nowa sól,PL,51.8033431,15.7062381
nowa wieś wrocławska,PL,51.0457568,16.9164559
nowe obrzyska,PL,,
nykøbing falster,DK,54.7646137,11.8709918
nürnberg,DE,49.453872,11.077298
o barco,ES,42.4301028,-6.9801028
o grove,ES,42.4693872,-8.8949654
oberhausen,DE,51.4696137,6.8514435
oberkrämer,DE,52.7079067,13.1099284
obernkirchen,DE,52.270117,9.1286948
obersontheim,DE,49.057508,9.8981122
obersulm,DE,49.1358512,9.3712445
ociąż,PL,51.7035234,17.9333058
offenbach an der queich,DE,49.1959934,8.1928331
okmiany,PL,51.2615543,15.7860835
oldenburg,DE,53.1389753,8.2146017
oostende,BE,51.2258565,2.919496
oostrozebeke,BE,50.9203965,3.3346877
ophasselt,BE,50.8210808,3.8865285
opoczno,PL,51.3782439,20.2931754
oranienburg,DE,52.7529379,13.2457591
orsk,PL,51.5874287,16.3539366
orvault,FR,47.2711217,-1.623206
osieczna,PL,51.9033938,16.6762108
oss,NL,51.7783542,5.5320836
osterburg,DE,52.7899044,11.7526038
osterweddingen,DE,52.0432285,11.5802935
ottmarsheim,FR,47.7888815,7.5094906
oława,PL,50.957093,17.2902698
pakość,PL,52.8073319,18.0899612
pampow,DE,53.5685042,11.3596122
pannes,FR,48.9329939,5.8038889
penig,DE,50.9331827,12.7075852
perlen,CH,47.1097866,8.3604016
philippsburg,DE,49.2367495,8.4546679
piechowice,PL,50.8494747,15.5976047
pilzno,CZ,49.7477415,13.3775249
pinon,FR,49.4874775,3.4484869
piotrków trybunalski,PL,51.4082625,19.696167
pleszew,PL,51.8960985,17.7865673
pobiedziska,PL,52.4773387,17.2870352
podenzano,IT,44.956363,9.684967
poupry,FR,48.0997345,1.8383976
poznań,PL,52.4082663,16.9335199
praha - cerny most,CZ,50.1094016,14.5781822
praha 5,CZ,50.054121,14.3634875
praha-horni pocernice,CZ,50.1166626,14.6124935
pratteln 1,CH,47.531773,7.673878
presles-en-brie,FR,48.7123591,2.7424916
pritzwalk,DE,53.1492896,12.1761903
przechlewo,PL,53.7995842,17.2550402
przytoczna,PL,52.5776,15.67994
puck,PL,54.7203995,18.411338
pudliszki,PL,51.7718026,16.9334472
puerto de sagunto,ES,39.6631732,-0.2208575
pulheim,DE,50.9979888,6.8025409
rabka-zdrój,PL,49.6076663,19.9622575
raciąż,PL,52.7810586,20.118111
radeburg,DE,51.2149248,13.7241174
rakovník,CZ,50.1041136,13.7310462
ransbach-baumbach,DE,50.4667,7.73333
raunheim,DE,50.0097685,8.4499439
rawicz,PL,51.6101629,16.8583657
recklinghausen,DE,51.6143815,7.1978546
recy,FR,48.9894458,4.3154379
reguengo,ES,42.1908301,-8.6409344
reinsdorf,DE,50.6994521,12.5587255
remscheid,DE,51.1798706,7.1943544
renningen,DE,48.7648163,8.9347008
rheda-wiedenbrück,DE,51.8428202,8.2985615
rheinfelden (baden),DE,47.5605924,7.7861959
rijsbergen,NL,51.5158877,4.7005455
robakowo,PL,52.3098969,17.0771599
rodgau,DE,50.0176771,8.8853392
rogozno,PL,52.7523023,16.9936288
roissy-en-france,FR,49.0032865,2.5176985
rossau,DE,50.9980658,13.0477409
rottleberode,DE,51.5183811,10.948648
rouvignies,FR,50.3331679,3.4390416
roye,FR,49.6986186,2.7930755
rubiá,ES,42.4494484,-6.9450653
rudolstadt,DE,50.7206063,11.3401985
rumst,BE,51.0792853,4.4240472
rösrath,DE,50.8963758,7.1825445
rüsselsheim am main,DE,49.9948956,8.4118279
saarbrücken,DE,49.234362,6.996379
saarlouis,DE,49.3164661,6.749846
saint-ghislain,BE,50.4477484,3.8195241
saint-hilaire-les-andrésis,FR,48.0528176,3.0136711
saint-pantaléon-de-larche,FR,45.1406943,1.446519
saint-pierre-des-corps,FR,47.3898152,0.7189761
saint-quentin-fallavier,FR,45.6314982,5.1106322
salzgitter,DE,52.1503721,10.3593147
san giorgio bigarello,IT,45.1805304,10.8717887
sandersdorf - brehna,DE,51.5911163,12.2359037
sanem,LU,49.5476008,5.9272714
sankt ingbert,DE,49.2788378,7.1156707
sankt wendel,DE,49.4669906,7.1696192
sarralbe,FR,48.9998765,7.0299169
sarreguemines,FR,49.1094836,7.0708865
satolas-et-bonce,FR,45.681868,5.1203082
satteldorf,DE,49.1705879,10.0777213
savigny,FR,49.0491048,-1.3392101
schaffhausen,CH,47.6960491,8.634513
schifferstadt,DE,49.3858742,8.3705675
schkeuditz,DE,51.3938624,12.2208538
schkopau,DE,51.3902906,11.9854347
schleusingen,DE,50.5416758,10.7669624
schmitten,CH,46.6876371,9.6728603
schongau,DE,47.8118973,10.8972133
schopfheim,DE,47.6500525,7.8216997
schorndorf,DE,48.8055169,9.5272665
schwabmünchen,DE,48.1805562,10.7578121
schwanewede,DE,53.2254676,8.5943316
schwerin,DE,53.6288297,11.4148038
schwetzingen,DE,49.3832919,8.5735135
schönefeld,DE,52.388552,13.5048276
schönenbuch,CH,47.5372962,7.5019867
schüttorf,DE,52.321619,7.2220864
seesen,DE,51.8905566,10.1703902
senden,DE,48.3251884,10.0471189
sennwald,CH,47.2615026,9.5037691
serris,FR,48.8567,2.7855615
sesto san giovanni,IT,45.5357218,9.2376549
sierpc,PL,52.853177,19.661414
simmerath,DE,50.6072499,6.3005267
singen,DE,47.7617515,8.8348709
sins,CH,47.1910321,8.3946059
siziano,IT,45.3174678,9.2011222
skarbimierz,PL,50.8481636,17.4354948
skierniewice,PL,51.9568581,20.1430044
sochaczew,PL,52.2367219,20.2571236
somain,FR,50.3589237,3.2810972
sorigny,FR,47.241591,0.6939483
soumagne,BE,50.6147718,5.739941
speyer,DE,49.3165553,8.433615
spreitenbach,CH,47.4182444,8.3640342
spáňov,CZ,49.4145127,12.9873068
srebrna góra,PL,50.5755664,16.6589225
stadtroda,DE,50.8582666,11.7263639
starbach,DE,51.0932608,13.2703565
steinbach am wald,DE,50.4391159,11.3697403
stelle,DE,53.3828216,10.1156284
stobno,PL,51.2818865,16.6148455
strancice,CZ,49.9483814,14.6773911
strasbourg,FR,48.584614,7.7507127
straubing,DE,48.8839157,12.5955773
stuttgart,DE,48.7784485,9.1800132
suhr,CH,47.373166,8.079534
suisio,IT,45.655834,9.5001212
sulikow,PL,51.0769746,15.0649842
sursee,CH,47.1725301,8.1067781
swarożyn,PL,54.0381227,18.6627568
swarzedz,PL,52.4103728,17.0771038
szreńsk,PL,53.01147,20.12223
székesfehérvár,HU,47.1910169,18.410811
sülzetal,DE,52.015359,11.5432798
sędziszów gmina,PL,50.564781,20.0538047
tachov,CZ,49.7955449,12.6329861
tamási,HU,46.6293978,18.2850331
tarnowo podgórne,PL,52.4657445,16.6664446
tastrup,DK,55.6522136,12.292049
taufkirchen,DE,48.0459958,11.6151899
teltow,DE,52.3805562,13.2685278
teresin,PL,52.1988856,20.4168294
thiers,FR,45.8555278,3.5486686
thouars,FR,46.9790193,-0.2153741
thulin,BE,50.4233131,3.7452498
tiefenbronn,DE,48.8241414,8.8016252
tomaszów mazowiecki,PL,51.5194865,20.0337541
tordera,ES,41.6977173,2.7172987
tortona,IT,44.89666,8.8641282
toruń,PL,53.0145361,18.5965831
toul,FR,48.6762624,5.8941759
trappes,FR,48.7760957,1.9988356
trebur,DE,49.9133,8.3853
treviglio,IT,45.5217245,9.5931485
trier,DE,49.7596208,6.6441878
trilport,FR,48.9585984,2.9471072
trith-saint-léger,FR,50.3245906,3.4845838
trzebania,PL,51.8831377,16.6501753
trzebnica,PL,51.3096424,17.062596
tuchola,PL,53.5880901,17.8590414
turnhout,BE,51.328932,4.9299924
uffenheim,DE,49.5447684,10.2304674
ulft,NL,51.898124,6.3784647
ulm,DE,48.3984968,9.9912458
unna,DE,51.5348835,7.689014
usti nad labem,CZ,50.6603327,14.0381357
vaihingen an der enz,DE,48.9321398,8.9568316
valluhn,DE,53.5262154,10.8429675
varennes-sur-allier,FR,46.3127469,3.4033756
vechta,DE,52.7310691,8.2873162
veitshochheim,DE,49.8324007,9.8723628
velký šenov,CZ,50.9907708,14.3780786
venette,FR,49.4162216,2.8007412
vert-saint-denis,FR,48.5671024,2.6252499
vieux-thann,FR,47.8070778,7.1217043
villefranche sur saone,FR,45.9864749,4.726611
villette-d'anthon,FR,45.79451,5.1130506
villmergen,CH,47.3471991,8.244908
vilvoorde,BE,50.928711,4.423126
vojens,DK,55.2464268,9.3082416
volvic,FR,45.872542,3.0375701
vrskman,CZ,50.4881587,13.4956178
waldenburg,DE,50.8743975,12.6003812
waldshut-tiengen,DE,47.6281754,8.2408579
wangen bei olten,CH,47.3417691,7.8708649
warszawa,PL,52.2333742,21.0711489
wałbrzych,PL,50.785221,16.2846403
weesp,NL,52.3072593,5.0420822
weil am rhein,DE,47.6056484,7.6120793
weilerswist,DE,50.7580669,6.8407873
weinsberg,DE,49.1504172,9.2865471
weiterstadt,DE,49.9178,8.5924
weißenfels,DE,51.1999793,11.9667857
wenzendorf,DE,53.3514838,9.7682921
werne,DE,51.66268,7.6355052
werra-suhl-tal,DE,50.9214071,10.0883617
westerkappeln,DE,52.3141716,7.8772237
wevelgem,BE,50.8089591,3.1841013
widnau,CH,47.4053426,9.6356294
wiefelstede,DE,53.2558626,8.1150123
wierzbica,PL,51.2492925,21.0792463
wieseth,DE,49.1622311,10.483479
wiesloch,DE,49.2942599,8.698707
wijewo,PL,51.91872,16.18619
wildberg,DE,53.6530029,13.1232854
willebroek,BE,51.0606816,4.3588917
willisau,CH,47.1215184,7.99659
winterthur,CH,47.4991723,8.7291498
wiskitki,PL,52.0868993,20.3832461
wismar,DE,53.8909832,11.4647932
wissous,FR,48.7316381,2.3268669
wohlen,CH,47.3504945,8.2786906
wolnzach,DE,48.603,11.6269977
wolsztyn,PL,52.11725,16.1126622
worms,DE,49.6302618,8.3620898
wołów,PL,51.3363841,16.6486903
wroclaw,PL,51.1089776,17.0326689
wunstorf,DE,52.4257979,9.4294425
wuppertal,DE,51.264018,7.1780374
wykroty,PL,54.48721,16.75209
wörnitz,DE,49.0404857,10.529193
wörth am rhein,DE,49.0543232,8.2667399
würzburg,DE,49.7933723,9.9309779
włoszakowice,PL,51.9271412,16.361945
xixona,ES,38.5392703,-0.5075903
zarrentin,DE,53.4917291,10.8948358
zarrentin am schaalsee,DE,53.5497556,10.9169686
zbaszynek,PL,52.2436262,15.8138946
zeithain,DE,51.3323702,13.3382965
zele,BE,51.0671633,4.0323895
zgierz,PL,51.8560819,19.4052228
zgorzelec,PL,51.151787,15.014433
zoetermeer,NL,52.0622531,4.4901218
zuzenhausen,DE,49.2967457,8.825661
zwijndrecht,BE,51.2185443,4.3302898
öhringen,DE,49.2005034,9.5024397
ühlingen-birkendorf,DE,47.7252375,8.301544
łódź,PL,51.7728245,19.4784857
říčany,CZ,49.9919444,14.6542365
środa śląska gmina,PL,51.1638949,16.5942505
świebodzice,PL,50.8724646,16.3228783
świebodzin,PL,52.2498357,15.5324973
święciechowa,PL,51.8548333,16.4971114
żary,PL,51.6244382,15.1487247
žirovnice,CZ,49.2531813,15.188238
